lat,lon,temperature,humidity,pressure,wind_speed,aqi,State,Avg_Temperature (Â°C),Avg_Rainfall (mm),Avg_Radiation (kWh/mÂ²/day),Avg_Humidity (%),Avg_Wind Speed (m/s),pH,Organic Carbon (%),Nitrogen (%),Bulk Density (g/cm³),Cation Exchange (cmol/kg),Sand (%),Silt (%),Clay (%),Crop
12.3927,94.4483,28.14,78,1007,6.75,1,Andaman and Nicobar Islands,28.06,6.17,18.12,80.31,4.94,6.4,1.6,0.08,1.3,22,42,36,22,Rice
14.1739,94.6808,28.59,77,1007,6.34,1,Andaman and Nicobar Islands,28.06,6.17,18.12,80.31,4.94,6.4,1.6,0.08,1.3,22,42,36,22,Rice
14.7824,94.6486,28.19,78,1007,5.17,1,Andaman and Nicobar Islands,28.06,6.17,18.12,80.31,4.94,6.4,1.6,0.08,1.3,22,42,36,22,Rice
13.7623,90.2579,28.4,81,1006,8.13,1,Andaman and Nicobar Islands,28.06,6.17,18.12,80.31,4.94,6.4,1.6,0.08,1.3,22,42,36,22,Rice
8.4848,94.6401,28.22,77,1008,6.31,1,Andaman and Nicobar Islands,28.06,6.17,18.12,80.31,4.94,6.4,1.6,0.08,1.3,22,42,36,22,Rice
17.2569,92.0739,28.18,76,1006,5.65,1,Andaman and Nicobar Islands,28.06,6.17,18.12,80.31,4.94,6.4,1.6,0.08,1.3,22,42,36,22,Rice
19.1296,96.6627,17.8,71,1008,0.88,1,Andaman and Nicobar Islands,28.06,6.17,18.12,80.31,4.94,6.4,1.6,0.08,1.3,22,42,36,22,Rice
13.149,94.4548,28.59,76,1007,6.78,1,Andaman and Nicobar Islands,28.06,6.17,18.12,80.31,4.94,6.4,1.6,0.08,1.3,22,42,36,22,Rice
14.2414,92.085,28.35,79,1007,8.2,1,Andaman and Nicobar Islands,28.06,6.17,18.12,80.31,4.94,6.4,1.6,0.08,1.3,22,42,36,22,Rice
11.9878,91.3613,28.4,78,1007,7.35,1,Andaman and Nicobar Islands,28.06,6.17,18.12,80.31,4.94,6.4,1.6,0.08,1.3,22,42,36,22,Rice
12.2478,94.0241,27.94,79,1007,6.66,1,Andaman and Nicobar Islands,28.06,6.17,18.12,80.31,4.94,6.4,1.6,0.08,1.3,22,42,36,22,Rice
18.4567,92.9248,27.27,76,1007,3.43,1,Andaman and Nicobar Islands,28.06,6.17,18.12,80.31,4.94,6.4,1.6,0.08,1.3,22,42,36,22,Rice
9.6126,96.7043,28.75,75,1007,6.08,1,Andaman and Nicobar Islands,28.06,6.17,18.12,80.31,4.94,6.4,1.6,0.08,1.3,22,42,36,22,Rice
17.7863,95.5347,27.06,66,1007,2.09,2,Andaman and Nicobar Islands,28.06,6.17,18.12,80.31,4.94,6.4,1.6,0.08,1.3,22,42,36,22,Rice
16.5023,92.0808,27.68,81,1006,6.24,1,Andaman and Nicobar Islands,28.06,6.17,18.12,80.31,4.94,6.4,1.6,0.08,1.3,22,42,36,22,Rice
19.2269,96.7843,21.03,76,1009,0.61,1,Andaman and Nicobar Islands,28.06,6.17,18.12,80.31,4.94,6.4,1.6,0.08,1.3,22,42,36,22,Rice
15.4695,94.2147,28.11,78,1007,5.77,1,Andaman and Nicobar Islands,28.06,6.17,18.12,80.31,4.94,6.4,1.6,0.08,1.3,22,42,36,22,Rice
14.8056,95.7117,29.37,71,1007,6.24,1,Andaman and Nicobar Islands,28.06,6.17,18.12,80.31,4.94,6.4,1.6,0.08,1.3,22,42,36,22,Rice
14.7439,95.8134,29.4,71,1007,6.24,1,Andaman and Nicobar Islands,28.06,6.17,18.12,80.31,4.94,6.4,1.6,0.08,1.3,22,42,36,22,Rice
10.1044,95.4545,28.62,75,1008,5.78,1,Andaman and Nicobar Islands,28.06,6.17,18.12,80.31,4.94,6.4,1.6,0.08,1.3,22,42,36,22,Rice
15.6986,88.2834,28.03,84,1005,8.3,1,Andhra Pradesh,28.19,2.77,18.43,71.15,2.98,6.9,1.4,0.1,1.5,22,50,30,20,Maize(Corn)
15.5805,85.9918,28.58,81,1005,5.66,1,Andhra Pradesh,28.19,2.77,18.43,71.15,2.98,6.9,1.4,0.1,1.5,22,50,30,20,Maize(Corn)
16.3992,85.0795,28.38,78,1005,3.7,1,Andhra Pradesh,28.19,2.77,18.43,71.15,2.98,6.9,1.4,0.1,1.5,22,50,30,20,Maize(Corn)
17.1903,90.0554,28.1,80,1006,5.94,1,Andhra Pradesh,28.19,2.77,18.43,71.15,2.98,6.9,1.4,0.1,1.5,22,50,30,20,Maize(Corn)
14.9371,77.0036,28.99,44,1007,3.06,2,Andhra Pradesh,28.19,2.77,18.43,71.15,2.98,6.9,1.4,0.1,1.5,22,50,30,20,Maize(Corn)
14.151,83.455,28.51,77,1005,4.47,2,Andhra Pradesh,28.19,2.77,18.43,71.15,2.98,6.9,1.4,0.1,1.5,22,50,30,20,Maize(Corn)
17.7197,87.1126,27.81,81,1005,3.44,1,Andhra Pradesh,28.19,2.77,18.43,71.15,2.98,6.9,1.4,0.1,1.5,22,50,30,20,Maize(Corn)
17.6553,88.5108,27.68,82,1005,5.07,1,Andhra Pradesh,28.19,2.77,18.43,71.15,2.98,6.9,1.4,0.1,1.5,22,50,30,20,Maize(Corn)
17.1657,83.881,28.23,79,1006,0.72,1,Andhra Pradesh,28.19,2.77,18.43,71.15,2.98,6.9,1.4,0.1,1.5,22,50,30,20,Maize(Corn)
15.888,91.3532,28.26,80,1006,8.16,1,Andhra Pradesh ,28.19,2.77,18.43,71.15,2.98,6.9,1.4,0.1,1.5,22,50,30,20,Maize(Corn)
35.4893,92.5162,-7.06,69,1015,3.6,1,Arunachal,17.94,6.82,13.98,79.43,0.48,6.6,1.2,0.1,1.52,23,49,30,21,Maize(Corn)
33.1625,92.7876,-4.38,86,1008,1.95,2,Arunachal Pradesh,17.94,6.82,13.98,79.43,0.48,6.6,1.2,0.1,1.52,23,49,30,21,Maize(Corn)
28.4472,94.6341,16.04,87,1011,1.56,1,Arunachal Pradesh,17.94,6.82,13.98,79.43,0.48,6.6,1.2,0.1,1.52,23,49,30,21,Maize(Corn)
32.6594,95.0425,-0.83,97,1005,1.41,2,Arunachal Pradesh,17.94,6.82,13.98,79.43,0.48,6.6,1.2,0.1,1.52,23,49,30,21,Maize(Corn)
34.7224,96.6547,-3.33,57,1009,1.28,1,Arunachal Pradesh,17.94,6.82,13.98,79.43,0.48,6.6,1.2,0.1,1.52,23,49,30,21,Maize(Corn)
34.038,86.4011,-4.68,52,1012,6.09,2,Arunachal Pradesh,17.94,6.82,13.98,79.43,0.48,6.6,1.2,0.1,1.52,23,49,30,21,Maize(Corn)
33.8459,88.9012,-6.25,73,1011,3.75,2,Arunachal Pradesh,17.94,6.82,13.98,79.43,0.48,6.6,1.2,0.1,1.52,23,49,30,21,Maize(Corn)
27.2563,94.7014,24.97,56,1006,1.24,2,Arunachal Pradesh,17.94,6.82,13.98,79.43,0.48,6.6,1.2,0.1,1.52,23,49,30,21,Maize(Corn)
35.6388,84.0995,-6.24,43,1018,6.85,2,Arunachal Pradesh,17.94,6.82,13.98,79.43,0.48,6.6,1.2,0.1,1.52,23,49,30,21,Maize(Corn)
36.2411,83.1185,-7.55,66,1020,4.32,2,Arunachal Pradesh,17.94,6.82,13.98,79.43,0.48,6.6,1.2,0.1,1.52,23,49,30,21,Maize(Corn)
20.8764,95.9421,27.6,54,1006,3.24,1,Arunachal Pradesh,17.94,6.82,13.98,79.43,0.48,6.6,1.2,0.1,1.52,23,49,30,21,Maize(Corn)
36.0508,79.172,-14.08,93,1019,2.25,2,Arunachal Pradesh,17.94,6.82,13.98,79.43,0.48,6.6,1.2,0.1,1.52,23,49,30,21,Maize(Corn)
33.6157,88.4212,-6.32,65,1011,4.7,2,Arunachal Pradesh,17.94,6.82,13.98,79.43,0.48,6.6,1.2,0.1,1.52,23,49,30,21,Maize(Corn)
32.2519,91.646,-1.74,79,1006,0.49,2,Arunachal Pradesh,17.94,6.82,13.98,79.43,0.48,6.6,1.2,0.1,1.52,23,49,30,21,Maize(Corn)
29.1743,95.2574,11.72,93,1013,0.37,1,Arunachal Pradesh,17.94,6.82,13.98,79.43,0.48,6.6,1.2,0.1,1.52,23,49,30,21,Maize(Corn)
30.1574,96.1377,-5.85,96,1014,3.9,1,Arunachal Pradesh,17.94,6.82,13.98,79.43,0.48,6.6,1.2,0.1,1.52,23,49,30,21,Maize(Corn)
33.3521,93.2373,-3.93,87,1009,2.03,2,Arunachal Pradesh,17.94,6.82,13.98,79.43,0.48,6.6,1.2,0.1,1.52,23,49,30,21,Maize(Corn)
35.3806,95.074,-6.38,59,1014,4.01,2,Arunachal Pradesh,17.94,6.82,13.98,79.43,0.48,6.6,1.2,0.1,1.52,23,49,30,21,Maize(Corn)
31.038,93.6098,-1.93,92,1010,2.57,2,Arunachal Pradesh,17.94,6.82,13.98,79.43,0.48,6.6,1.2,0.1,1.52,23,49,30,21,Maize(Corn)
33.4748,91.9071,-6.56,86,1010,1.48,1,Arunachal Pradesh,17.94,6.82,13.98,79.43,0.48,6.6,1.2,0.1,1.52,23,49,30,21,Maize(Corn)
30.5389,96.5708,-1.69,71,1009,3.02,2,Arunachal Pradesh,17.94,6.82,13.98,79.43,0.48,6.6,1.2,0.1,1.52,23,49,30,21,Maize(Corn)
36.8017,85.9602,-8.26,58,1018,5.35,2,Arunachal Pradesh,17.94,6.82,13.98,79.43,0.48,6.6,1.2,0.1,1.52,23,49,30,21,Maize(Corn)
31.7212,89.1922,1.03,51,1004,1.79,2,Arunachal Pradesh,17.94,6.82,13.98,79.43,0.48,6.6,1.2,0.1,1.52,23,49,30,21,Maize(Corn)
33.5354,85.9824,-2.92,44,1010,5.99,2,Arunachal Pradesh,17.94,6.82,13.98,79.43,0.48,6.6,1.2,0.1,1.52,23,49,30,21,Maize(Corn)
25.7959,96.0173,21.18,61,1006,1.23,2,Arunachal Pradesh,17.94,6.82,13.98,79.43,0.48,6.6,1.2,0.1,1.52,23,49,30,21,Maize(Corn)
35.141,81.3374,-12.06,69,1020,4.11,2,Arunachal Pradesh,17.94,6.82,13.98,79.43,0.48,6.6,1.2,0.1,1.52,23,49,30,21,Maize(Corn)
35.0458,91.3018,-6.81,60,1012,1.82,1,Arunachal Pradesh,17.94,6.82,13.98,79.43,0.48,6.6,1.2,0.1,1.52,23,49,30,21,Maize(Corn)
26.4051,96.7818,16.94,99,1006,1.12,2,Arunachal Pradesh,17.94,6.82,13.98,79.43,0.48,6.6,1.2,0.1,1.52,23,49,30,21,Maize(Corn)
32.6242,82.7694,1.48,24,1006,1.5,2,Arunachal Pradesh,17.94,6.82,13.98,79.43,0.48,6.6,1.2,0.1,1.52,23,49,30,21,Maize(Corn)
33.5034,94.582,-5.49,90,1010,2.08,2,Arunachal Pradesh,17.94,6.82,13.98,79.43,0.48,6.6,1.2,0.1,1.52,23,49,30,21,Maize(Corn)
33.0395,92.4387,-7.73,88,1009,0.72,2,Arunachal Pradesh,17.94,6.82,13.98,79.43,0.48,6.6,1.2,0.1,1.52,23,49,30,21,Maize(Corn)
24.9574,96.7317,22.57,52,1005,0.15,2,Arunachal Pradesh,17.94,6.82,13.98,79.43,0.48,6.6,1.2,0.1,1.52,23,49,30,21,Maize(Corn)
30.4633,93.9153,4.94,88,1012,2.75,2,Arunachal Pradesh,17.94,6.82,13.98,79.43,0.48,6.6,1.2,0.1,1.52,23,49,30,21,Maize(Corn)
32.602,88.7936,-3.31,49,1006,1.41,1,Arunachal Pradesh,17.94,6.82,13.98,79.43,0.48,6.6,1.2,0.1,1.52,23,49,30,21,Maize(Corn)
23.8042,96.1443,29.25,40,1004,2.9,1,Arunachal Pradesh,17.94,6.82,13.98,79.43,0.48,6.6,1.2,0.1,1.52,23,49,30,21,Maize(Corn)
32.7553,96.3937,-0.56,97,1005,2.22,2,Arunachal Pradesh,17.94,6.82,13.98,79.43,0.48,6.6,1.2,0.1,1.52,23,49,30,21,Maize(Corn)
26.7169,94.3144,21.98,72,1006,1.44,2,Assam,24.21,3.87,15.22,74.32,0.41,6.6,1.2,0.09,1.43,18,49,31,20,Tea
26.2293,89.3717,22.07,74,1007,0.85,3,Assam,24.21,3.87,15.22,74.32,0.41,6.6,1.2,0.09,1.43,18,49,31,20,Tea
25.6163,89.5384,22.46,80,1006,0.71,3,Assam ,24.21,3.87,15.22,74.32,0.41,6.6,1.2,0.09,1.43,18,49,31,20,Tea
25.4547,86.9705,23.01,77,1006,2.42,5,Bihar,26.02,2.89,16.97,56.93,1.98,6.8,1.3,0.12,1.47,21,51,30,19,Wheat
20.5891,81.0389,26.73,31,1004,1.46,4,Chhattisgarh,25.81,3.69,17.91,61.53,1.99,6.8,1.4,0.11,1.5,20,52,30,18,Rice
20.3443,91.1053,27.44,70,1007,4.03,1,Chhattisgarh,25.81,3.69,17.91,61.53,1.99,6.8,1.4,0.11,1.5,20,52,30,18,Rice
19.7349,81.4112,24.89,39,1005,1.63,3,Chhattisgarh,25.81,3.69,17.91,61.53,1.99,6.8,1.4,0.11,1.5,20,52,30,18,Rice
22.9502,72.5137,28.84,27,1005,4.88,3,Gujarat,26.86,2.02,19.51,51.93,2.97,7.2,0.9,0.07,1.62,21,53,27,20,Pearl Millet (Bajra)
23.8773,73.7873,30.34,18,1005,5.86,3,Gujarat,26.86,2.02,19.51,51.93,2.97,7.2,0.9,0.07,1.62,21,53,27,20,Pearl Millet (Bajra)
20.163,68.9216,27.03,78,1007,6.15,2,Gujarat,26.86,2.02,19.51,51.93,2.97,7.2,0.9,0.07,1.62,21,53,27,20,Pearl Millet (Bajra)
22.573,71.2858,27.17,46,1006,7.21,3,Gujarat,26.86,2.02,19.51,51.93,2.97,7.2,0.9,0.07,1.62,21,53,27,20,Pearl Millet (Bajra)
22.9495,72.7788,30.67,27,1005,5.59,3,Gujarat,26.86,2.02,19.51,51.93,2.97,7.2,0.9,0.07,1.62,21,53,27,20,Pearl Millet (Bajra)
32.824,80.7379,-3.09,34,1011,3.06,2,Himachal Pradesh,-0.6,2.4,16.88,74.04,1.78,7.1,1.5,0.14,1.6,24,50,28,22,Barley (Jau)
32.7472,81.925,0.75,26,1007,1.34,2,Himachal Pradesh,-0.6,2.4,16.88,74.04,1.78,7.1,1.5,0.14,1.6,24,50,28,22,Barley (Jau)
31.9824,80.3142,-6.17,45,1014,1.8,2,Himachal Pradesh,-0.6,2.4,16.88,74.04,1.78,7.1,1.5,0.14,1.6,24,50,28,22,Barley (Jau)
31.0662,81.105,-4.55,67,1015,0.82,1,Himachal Pradesh,-0.6,2.4,16.88,74.04,1.78,7.1,1.5,0.14,1.6,24,50,28,22,Barley (Jau)
34.1144,76.5048,-14.7,94,1023,2.11,2,Jammu and Kashmir,-5.85,0.73,17.38,62.03,1.52,6.8,1.2,0.12,1.4,18,45,35,20,Wheat
34.3754,82.6119,-6.55,65,1014,2.82,2,Jammu and Kashmir,-5.85,0.73,17.38,62.03,1.52,6.8,1.2,0.12,1.4,18,45,35,20,Wheat
35.3647,72.1764,9.82,81,1015,3,3,Jammu and Kashmir,-5.85,0.73,17.38,62.03,1.52,6.8,1.2,0.12,1.4,18,45,35,20,Wheat
34.1036,82.7053,-5.1,56,1014,5.37,2,Jammu and Kashmir,-5.85,0.73,17.38,62.03,1.52,6.8,1.2,0.12,1.4,18,45,35,20,Wheat
32.6219,75.7171,16.34,45,1007,4.61,5,Jammu and Kashmir,-5.85,0.73,17.38,62.03,1.52,6.8,1.2,0.12,1.4,18,45,35,20,Wheat
33.1051,83.0824,1.25,30,1006,3.3,2,Jammu and Kashmir,-5.85,0.73,17.38,62.03,1.52,6.8,1.2,0.12,1.4,18,45,35,20,Wheat
36.6718,76.7382,-8.14,95,1018,2.65,2,Jammu and Kashmir,-5.85,0.73,17.38,62.03,1.52,6.8,1.2,0.12,1.4,18,45,35,20,Wheat
35.4631,76.6774,-16.89,95,1025,2.45,2,Jammu and Kashmir,-5.85,0.73,17.38,62.03,1.52,6.8,1.2,0.12,1.4,18,45,35,20,Wheat
36.287,72.2858,7.77,62,1017,2.15,2,Jammu and Kashmir ,-5.85,0.73,17.38,62.03,1.52,6.8,1.2,0.12,1.4,18,45,35,20,Wheat
31.5294,68.4796,15.72,15,1008,3.44,2,Jammu and Kashmir ,-5.85,0.73,17.38,62.03,1.52,6.8,1.2,0.12,1.4,18,45,35,20,Wheat
34.9996,71.0261,6.61,59,1010,2.91,2,Jammu and Kashmir (,-5.85,0.73,17.38,62.03,1.52,6.8,1.2,0.12,1.4,18,45,35,20,Wheat
36.6088,69.6739,15.12,65,1012,0.17,2,Jammu and Kashmir ,-5.85,0.73,17.38,62.03,1.52,6.8,1.2,0.12,1.4,18,45,35,20,Wheat
24.0577,85.441,21.9,80,1006,3.69,4,Jharkhand,24.34,3.67,16.81,63.15,1.89,6.8,1.2,0.1,1.5,20,51,29,20,Maize (Corn)
23.1078,86.7262,25.12,81,1006,3.24,2,Jharkhand,24.34,3.67,16.81,63.15,1.89,6.8,1.2,0.1,1.5,20,51,29,20,Maize (Corn)
22.225,86.7549,25.78,77,1005,5.14,1,Jharkhand,24.34,3.67,16.81,63.15,1.89,6.8,1.2,0.1,1.5,20,51,29,20,Maize (Corn)
24.0665,84.0766,25.42,56,1005,1.27,4,Jharkhand,24.34,3.67,16.81,63.15,1.89,6.8,1.2,0.1,1.5,20,51,29,20,Maize (Corn)
14.7783,75.6074,24.54,74,1008,6.37,3,Karnataka,25.66,1.73,19.57,62.39,3.35,6.9,1.5,0.12,1.5,22,48,32,20,Groundnut (Peanut)
14.4496,74.7639,22.22,98,1009,1.87,2,Karnataka,25.66,1.73,19.57,62.39,3.35,6.9,1.5,0.12,1.5,22,48,32,20,Groundnut (Peanut)
12.3427,76.2632,22.23,81,1010,2.13,2,Karnataka,25.66,1.73,19.57,62.39,3.35,6.9,1.5,0.12,1.5,22,48,32,20,Groundnut (Peanut)
15.7066,75.1879,23.24,68,1009,4.64,2,Karnataka,25.66,1.73,19.57,62.39,3.35,6.9,1.5,0.12,1.5,22,48,32,20,Groundnut (Peanut)
14.2715,76.9715,27.19,48,1008,3.61,2,Karnataka,25.66,1.73,19.57,62.39,3.35,6.9,1.5,0.12,1.5,22,48,32,20,Groundnut (Peanut)
12.324,75.5179,20.42,97,1010,0.69,2,Karnataka,25.66,1.73,19.57,62.39,3.35,6.9,1.5,0.12,1.5,22,48,32,20,Groundnut (Peanut)
14.1004,71.9584,28,73,1008,3.86,2,Karnataka,25.66,1.73,19.57,62.39,3.35,6.9,1.5,0.12,1.5,22,48,32,20,Groundnut (Peanut)
12.7827,76.143,22.27,81,1010,3.45,2,Karnataka,25.66,1.73,19.57,62.39,3.35,6.9,1.5,0.12,1.5,22,48,32,20,Groundnut (Peanut)
14.0887,75.7565,24.17,62,1008,2.42,3,Karnataka,25.66,1.73,19.57,62.39,3.35,6.9,1.5,0.12,1.5,22,48,32,20,Groundnut (Peanut)
14.579,72.1056,27.92,73,1008,4.05,2,Karnataka ,25.66,1.73,19.57,62.39,3.35,6.9,1.5,0.12,1.5,22,48,32,20,Groundnut (Peanut)
9.0806,74.265,29.13,73,1008,5.02,2,Kerala,26.95,6.21,18.01,78.54,2.1,6.5,1.8,0.15,1.4,24,52,28,20,Rice (Paddy)
34.7424,77.4973,-10.81,95,1020,2.1,2,Ladakh,-8.68,0.52,17.92,60.37,2.12,7.5,0.8,0.05,1.6,15,50,30,20,Barley
35.5462,76.7024,-13.69,98,1026,1.37,2,Ladakh,-8.68,0.52,17.92,60.37,2.12,7.5,0.8,0.05,1.6,15,50,30,20,Barley
23.5851,80.7452,26.56,30,1004,3.78,4,Madhya Pradesh,25.5,3.11,18.52,51.55,2.17,6.8,1.2,0.1,1.52,19,54,28,18,Soybean
23.1919,79.5315,29.87,20,1003,2.65,3,Madhya Pradesh,25.5,3.11,18.52,51.55,2.17,6.8,1.2,0.1,1.52,19,54,28,18,Soybean
24.2484,77.176,30.13,15,1003,2.89,2,Madhya Pradesh,25.5,3.11,18.52,51.55,2.17,6.8,1.2,0.1,1.52,19,54,28,18,Soybean
23.1476,77.256,30.38,15,1004,6.17,3,Madhya Pradesh,25.5,3.11,18.52,51.55,2.17,6.8,1.2,0.1,1.52,19,54,28,18,Soybean
24.3256,76.7836,31.06,16,1004,2.27,3,Madhya Pradesh,25.5,3.11,18.52,51.55,2.17,6.8,1.2,0.1,1.52,19,54,28,18,Soybean
20.7735,74.5723,28.97,31,1005,5.37,4,Maharashtra,26.76,2.19,19.03,52.96,2.45,6.7,1.4,0.1,1.45,20,50,30,20,Cotton 
18.236,72.6781,27.59,75,1008,3.02,2,Maharashtra,26.76,2.19,19.03,52.96,2.45,6.7,1.4,0.1,1.45,20,50,30,20,Cotton 
18.7218,70.3002,27.4,75,1007,5.93,3,Maharashtra,26.76,2.19,19.03,52.96,2.45,6.7,1.4,0.1,1.45,20,50,30,20,Cotton 
18.6844,71.3574,27.34,77,1007,4.76,3,Maharashtra,26.76,2.19,19.03,52.96,2.45,6.7,1.4,0.1,1.45,20,50,30,20,Cotton 
19.9819,73.7426,24.29,47,1009,2.9,3,Maharashtra,26.76,2.19,19.03,52.96,2.45,6.7,1.4,0.1,1.45,20,50,30,20,Cotton 
18.5048,71.5864,27.39,76,1008,1.93,2,Maharashtra,26.76,2.19,19.03,52.96,2.45,6.7,1.4,0.1,1.45,20,50,30,20,Cotton 
18.418,75.0682,27.72,51,1006,8.17,3,Maharashtra,26.76,2.19,19.03,52.96,2.45,6.7,1.4,0.1,1.45,20,50,30,20,Cotton 
19.9341,74.3401,27.38,37,1007,9.11,4,Maharashtra,26.76,2.19,19.03,52.96,2.45,6.7,1.4,0.1,1.45,20,50,30,20,Cotton 
17.0644,73.2416,26.71,80,1008,1.35,2,Maharashtra ,26.76,2.19,19.03,52.96,2.45,6.7,1.4,0.1,1.45,20,50,30,20,Cotton 
16.7072,68.9801,27.67,76,1008,6.44,2,Maharashtra,26.76,2.19,19.03,52.96,2.45,6.7,1.4,0.1,1.45,20,50,30,20,Cotton 
16.1832,68.4332,27.66,72,1008,5.64,2,Maharashtra ,26.76,2.19,19.03,52.96,2.45,6.7,1.4,0.1,1.45,20,50,30,20,Cotton 
16.4737,70.035,27.7,75,1008,4.98,2,Maharashtra,26.76,2.19,19.03,52.96,2.45,6.7,1.4,0.1,1.45,20,50,30,20,Cotton 
14.7416,68.4457,28.07,68,1009,5.77,2,Maharashtra,26.76,2.19,19.03,52.96,2.45,6.7,1.4,0.1,1.45,20,50,30,20,Cotton 
25.755,93.3936,20.21,84,1007,0.73,2,Manipur,19.93,3.15,15.85,71.29,0.34,6.7,1.1,0.1,1.5,20,50,29,21,Rice
18.8919,93.0274,27.03,76,1007,3.37,1,Mizoram,24.3,6.29,16.67,74.51,0.38,6.5,1.5,0.13,1.4,22,47,32,21,Rice
23.4354,93.3357,15.03,82,1010,0.38,1,Mizoram,24.3,6.29,16.67,74.51,0.38,6.5,1.5,0.13,1.4,22,47,32,21,Rice
22.9034,92.5244,20.92,85,1008,0.65,1,Mizoram,24.3,6.29,16.67,74.51,0.38,6.5,1.5,0.13,1.4,22,47,32,21,Rice
23.9842,94.4994,21.56,56,1005,0.51,1,Mizoram,24.3,6.29,16.67,74.51,0.38,6.5,1.5,0.13,1.4,22,47,32,21,Rice
25.3055,94.9872,18.04,57,1007,1.99,2,Nagaland,20.25,3.96,15.45,74.05,0.26,6.8,1.3,0.12,1.45,21,48,31,21,Potato
19.843,84.1481,20.36,95,1007,1.7,3,Odisha,25.34,4.06,17.23,65.9,1.86,6.7,1.1,0.08,1.47,21,52,30,18,Rice
21.2306,87.628,27.89,75,1005,7.17,1,Odisha,25.34,4.06,17.23,65.9,1.86,6.7,1.1,0.08,1.47,21,52,30,18,Rice
19.6156,86.4724,28.19,77,1006,4.96,1,Odisha,25.34,4.06,17.23,65.9,1.86,6.7,1.1,0.08,1.47,21,52,30,18,Rice
20.2972,91.0137,27.57,70,1007,4.14,1,Odisha,25.34,4.06,17.23,65.9,1.86,6.7,1.1,0.08,1.47,21,52,30,18,Rice
19.2561,86.2279,28.19,78,1005,4.85,1,Odisha,25.34,4.06,17.23,65.9,1.86,6.7,1.1,0.08,1.47,21,52,30,18,Rice
19.3527,93.8766,21.79,93,1007,0.44,1,Odisha,25.34,4.06,17.23,65.9,1.86,6.7,1.1,0.08,1.47,21,52,30,18,Rice
19.4315,85.617,28.11,77,1006,4.23,1,Odisha,25.34,4.06,17.23,65.9,1.86,6.7,1.1,0.08,1.47,21,52,30,18,Rice
30.7573,74.3313,25.16,35,1000,4.29,3,Punjab,25.29,1.8,17.15,43.42,1.62,7,1.8,0.15,1.55,25,55,25,20,Wheat
28.9223,73.8121,29.63,14,1000,1.18,4,Rajasthan,26.56,0.96,20.66,38.2,2.5,7.6,0.7,0.05,1.7,24,58,25,17,Pearl Millet (Bajra)
29.7419,70.0771,30.35,18,1001,4.38,3,Rajasthan,26.56,0.96,20.66,38.2,2.5,7.6,0.7,0.05,1.7,24,58,25,17,Pearl Millet (Bajra)
26.8635,75.0854,30.6,15,1002,9.65,3,Rajasthan,26.56,0.96,20.66,38.2,2.5,7.6,0.7,0.05,1.7,24,58,25,17,Pearl Millet (Bajra)
27.1624,69.4924,31.23,23,1000,4.74,3,Rajasthan,26.56,0.96,20.66,38.2,2.5,7.6,0.7,0.05,1.7,24,58,25,17,Pearl Millet (Bajra)
29.3168,71.814,31.34,15,999,5.08,4,Rajasthan,26.56,0.96,20.66,38.2,2.5,7.6,0.7,0.05,1.7,24,58,25,17,Pearl Millet (Bajra)
25.9132,73.7841,30.22,17,1003,5.67,3,Rajasthan,26.56,0.96,20.66,38.2,2.5,7.6,0.7,0.05,1.7,24,58,25,17,Pearl Millet (Bajra)
24.7235,73.6505,26.94,21,1006,6.96,3,Rajasthan,26.56,0.96,20.66,38.2,2.5,7.6,0.7,0.05,1.7,24,58,25,17,Pearl Millet (Bajra)
25.0662,74.037,29.53,17,1005,7.57,3,Rajasthan,26.56,0.96,20.66,38.2,2.5,7.6,0.7,0.05,1.7,24,58,25,17,Pearl Millet (Bajra)
29.9539,69.4576,20.78,23,1004,0.99,3,Rajasthan,26.56,0.96,20.66,38.2,2.5,7.6,0.7,0.05,1.7,24,58,25,17,Pearl Millet (Bajra)
27.1191,76.317,26.71,21,1002,3.25,3,Rajasthan,26.56,0.96,20.66,38.2,2.5,7.6,0.7,0.05,1.7,24,58,25,17,Pearl Millet (Bajra)
31.0928,88.1933,2.36,35,1003,2.64,1,Sikkim,7.43,2.97,14.43,73.72,1.51,6.7,1.3,0.12,1.45,24,50,29,21,Barley
9.2649,82.2508,28.78,79,1007,8.89,1,Tamil Nadu,27.48,2.08,19.64,66.83,2.56,6.8,1.3,0.13,1.53,23,47,33,20,Cotton
10.2274,78.6734,27.72,56,1006,3.34,2,Tamil Nadu,27.48,2.08,19.64,66.83,2.56,6.8,1.3,0.13,1.53,23,47,33,20,Cotton
9.2556,82.8716,29.03,78,1007,7.13,1,Tamil Nadu,27.48,2.08,19.64,66.83,2.56,6.8,1.3,0.13,1.53,23,47,33,20,Cotton
8.5631,95.9314,28.73,74,1008,6.31,1,Tamil Nadu,27.48,2.08,19.64,66.83,2.56,6.8,1.3,0.13,1.53,23,47,33,20,Cotton
11.8662,78.1726,26.74,68,1008,1.62,2,Tamil Nadu,27.48,2.08,19.64,66.83,2.56,6.8,1.3,0.13,1.53,23,47,33,20,Cotton
9.2331,71.4364,28.85,69,1009,5.24,2,Tamil Nadu,27.48,2.08,19.64,66.83,2.56,6.8,1.3,0.13,1.53,23,47,33,20,Cotton
11.0226,71.3379,28.77,69,1009,5.26,2,Tamil Nadu,27.48,2.08,19.64,66.83,2.56,6.8,1.3,0.13,1.53,23,47,33,20,Cotton
12.6755,78.3631,26.4,47,1008,4.41,2,Tamil Nadu,27.48,2.08,19.64,66.83,2.56,6.8,1.3,0.13,1.53,23,47,33,20,Cotton
10.0693,81.7656,28.83,80,1007,8.83,1,Tamil Nadu,27.48,2.08,19.64,66.83,2.56,6.8,1.3,0.13,1.53,23,47,33,20,Cotton
12.5157,71.2807,27.89,74,1009,2.64,2,Tamil Nadu,27.48,2.08,19.64,66.83,2.56,6.8,1.3,0.13,1.53,23,47,33,20,Cotton
11.965,88.149,28.5,80,1006,7.52,1,Tamil Nadu,27.48,2.08,19.64,66.83,2.56,6.8,1.3,0.13,1.53,23,47,33,20,Cotton
11.1661,88.0014,28.26,80,1007,8.36,1,Tamil Nadu,27.48,2.08,19.64,66.83,2.56,6.8,1.3,0.13,1.53,23,47,33,20,Cotton
11.981,69.8304,27.99,71,1009,2.69,2,Tamil Nadu,27.48,2.08,19.64,66.83,2.56,6.8,1.3,0.13,1.53,23,47,33,20,Cotton
8.5949,72.2418,28.89,74,1009,5.03,2,Tamil Nadu,27.48,2.08,19.64,66.83,2.56,6.8,1.3,0.13,1.53,23,47,33,20,Cotton
8.6403,80.0545,27.13,81,1007,5.24,1,Tamil Nadu,27.48,2.08,19.64,66.83,2.56,6.8,1.3,0.13,1.53,23,47,33,20,Cotton
8.9185,80.2178,26.8,82,1007,3.9,1,Tamil Nadu,27.48,2.08,19.64,66.83,2.56,6.8,1.3,0.13,1.53,23,47,33,20,Cotton
11.6276,80.6436,29.69,82,1006,7.73,2,Tamil Nadu,27.48,2.08,19.64,66.83,2.56,6.8,1.3,0.13,1.53,23,47,33,20,Cotton
10.8945,86.3063,28.44,78,1007,8.17,1,Tamil Nadu,27.48,2.08,19.64,66.83,2.56,6.8,1.3,0.13,1.53,23,47,33,20,Cotton
12.0431,71.6562,28.45,69,1009,3.25,2,Tamil Nadu,27.48,2.08,19.64,66.83,2.56,6.8,1.3,0.13,1.53,23,47,33,20,Cotton
9.7952,85.0734,29,71,1007,6.15,1,Tamil Nadu,27.48,2.08,19.64,66.83,2.56,6.8,1.3,0.13,1.53,23,47,33,20,Cotton
8.8234,79.6357,29.27,78,1007,11.53,1,Tamil Nadu,27.48,2.08,19.64,66.83,2.56,6.8,1.3,0.13,1.53,23,47,33,20,Cotton
11.5025,88.4299,28.45,78,1007,6.62,1,Tamil Nadu,27.48,2.08,19.64,66.83,2.56,6.8,1.3,0.13,1.53,23,47,33,20,Cotton
11.045,89.8127,28.01,80,1007,7.53,1,Tamil Nadu ,27.48,2.08,19.64,66.83,2.56,6.8,1.3,0.13,1.53,23,47,33,20,Cotton
12.4211,81.3274,29.52,80,1006,5.88,2,Tamil Nadu,27.48,2.08,19.64,66.83,2.56,6.8,1.3,0.13,1.53,23,47,33,20,Cotton
9.5687,80.5552,27.89,81,1007,7.52,1,Tamil Nadu ,27.48,2.08,19.64,66.83,2.56,6.8,1.3,0.13,1.53,23,47,33,20,Cotton
12.1268,82.4106,29.16,76,1006,4.78,2,Tamil Nadu,27.48,2.08,19.64,66.83,2.56,6.8,1.3,0.13,1.53,23,47,33,20,Cotton
19.0655,78.2871,30.15,28,1004,1.95,4,Telangana,27.3,2.21,18.79,60.77,2.34,6.7,1.3,0.12,1.55,22,46,34,20,Sorghum (Jowar)
18.6004,78.2622,29.33,30,1004,4.48,4,Telangana,27.3,2.21,18.79,60.77,2.34,6.7,1.3,0.12,1.55,22,46,34,20,Sorghum (Jowar)
17.0936,78.4059,28.2,32,1006,0.36,3,Telangana,27.3,2.21,18.79,60.77,2.34,6.7,1.3,0.12,1.55,22,46,34,20,Sorghum (Jowar)
23.625,91.2221,24.1,73,1006,2.53,1,Tripura,24.58,6.31,16.36,77.44,0.15,6.8,1.2,0.11,1.48,20,50,30,20,Rice
22.6344,90.5274,25.5,70,1006,2.66,1,Tripura ,24.58,6.31,16.36,77.44,0.15,6.8,1.2,0.11,1.48,20,50,30,20,Rice
27.4153,79.6477,27.56,38,1002,3.16,4,Uttar Pradesh,25.96,2.49,17.41,50.56,1.95,6.9,1.3,0.12,1.48,20,51,29,20,Wheat
25.6838,82.0654,27.19,51,1003,5.56,4,Uttar Pradesh,25.96,2.49,17.41,50.56,1.95,6.9,1.3,0.12,1.48,20,51,29,20,Wheat
27.4903,83.5847,22.4,70,1006,3.27,5,Uttar Pradesh,25.96,2.49,17.41,50.56,1.95,6.9,1.3,0.12,1.48,20,51,29,20,Wheat
27.0227,81.6778,24.81,62,1004,6.41,5,Uttar Pradesh,25.96,2.49,17.41,50.56,1.95,6.9,1.3,0.12,1.48,20,51,29,20,Wheat
28.136,82.3835,20.17,62,1007,1.92,4,Uttar Pradesh ,25.96,2.49,17.41,50.56,1.95,6.9,1.3,0.12,1.48,20,51,29,20,Wheat
28.9408,85.9664,-7.9,62,1014,2.25,3,Uttarakhand,20.25,3.96,15.45,74.05,0.26,6.8,1.3,0.12,1.45,21,48,31,21,Potato
30.3096,86.4491,1.4,43,1007,2.56,2,Uttarakhand,15.23,3.33,17.49,57.57,1.61,6.8,1.3,0.12,1.45,21,48,31,21,Potato
28.2469,86.6785,-13.38,79,1020,3.96,2,Uttarakhand,15.23,3.33,17.49,57.57,1.61,6.8,1.3,0.12,1.45,21,48,31,21,Potato
30.6459,79.1725,-0.99,85,1015,0.93,3,Uttarakhand,15.23,3.33,17.49,57.57,1.61,6.8,1.3,0.12,1.45,21,48,31,21,Potato
30.1308,86.0685,-0.66,42,1007,2.01,2,Uttarakhand,15.23,3.33,17.49,57.57,1.61,6.8,1.3,0.12,1.45,21,48,31,21,Potato
29.1976,81.3482,11.68,79,1010,2.9,3,Uttarakhand,15.23,3.33,17.49,57.57,1.61,6.8,1.3,0.12,1.45,21,48,31,21,Potato
29.5915,80.4188,18.23,87,1010,1.03,3,Uttarakhand,15.23,3.33,17.49,57.57,1.61,6.8,1.3,0.12,1.45,21,48,31,21,Potato
24.1049,89.0676,26.13,66,1006,2.8,2,West Bengal,25.87,3.46,16.24,66.57,1.91,6.6,1.2,0.11,1.42,19,50,30,20,Rice
22.3344,89.6158,25.18,75,1006,2.46,1,West Bengal,25.87,3.46,16.24,66.57,1.91,6.6,1.2,0.11,1.42,19,50,30,20,Rice
21.1803,88.6313,28.06,73,1006,6.06,1,West Bengal,25.87,3.46,16.24,66.57,1.91,6.6,1.2,0.11,1.42,19,50,30,20,Rice
